video_url,user_url,username,title,view_num,created_at,shortdesc,collected_at
/watch?v=xm0p6EV3dms&pp=ygUSYXVzdGluIHJlbnQgcHJpY2Vz,/@NewsNation,NewsNation,"Austin, Texas, becoming the most affordable rental market in US | NewsNation Now",2.4K,3 months,"Eric Peterson, owner of Kopa Real Estate, says the surge of companies moving to Austin, Texas, and the city's affordable housing¬†...",2026-02-03 04:16:36.065150
/watch?v=o5U_H7gT5QM&pp=ygUSYXVzdGluIHJlbnQgcHJpY2Vz,/@sarai.anique,sarai anique,"AUSTIN APARTMENT HUNTING VLOG | touring , rent prices, + tips‚ú®",12K,1 year,"WELCOME TO MY CHANNEL! #vlog #movingvlog #apartmenthunting I'm so excited to share my new journey with you guys,¬†...",2026-02-03 04:16:36.066826
/watch?v=h89Y9XjkWZ4&pp=ygUSYXVzdGluIHJlbnQgcHJpY2Vz,/@eduardoduranatx,"Moving to Austin, Texas - Eduardo Duran",Affordable Apartment In Austin Texas | The Zoey Apartments  (PRICE | TOUR | DOWNTOWN VIEWS),7.4K,1 year,"Take a peek inside the Zoey Apartments in Austin, Texas! Get a tour of these luxurious high-rise apartments with stunning¬†...",2026-02-03 04:16:36.068763
/watch?v=yTyvFYEP9xY&pp=ygUSYXVzdGluIHJlbnQgcHJpY2Vz,/@AustinApartmentLiving,Austin Apartment Living,What to Know When Renting Apartments in Austin Texas!,5.8K,2 years,"Austin area recommendations in 3 mins: https://bit.ly/austin-areas With apartment rent prices changing daily, pricing will be¬†...",2026-02-03 04:16:36.072424
/watch?v=gXF_CBK1A8s&pp=ygUSYXVzdGluIHJlbnQgcHJpY2Vz,/@FOX7Austin,FOX 7 Austin,Austin housing market: Rent prices fall but tenants see little relief | FOX 7 Austin,4K,3 months,"Rent prices in Austin have dipped slightly, but rising fees and income-linked rent limits mean many residents are still struggling to¬†...",2026-02-03 04:16:36.073846
/watch?v=t4YOXYsD1sA&pp=ygUSYXVzdGluIHJlbnQgcHJpY2Vz,/@AustinApartmentLiving,Austin Apartment Living,Apartment Rent Market Update | Austin TX | August 2025,352,5 months,"Austin area recommendations in 3 mins: https://bit.ly/austin-areas With apartment rent prices changing daily, pricing will be¬†...",2026-02-03 04:16:36.075697
/watch?v=38ACs0gNZrA&pp=ygUSYXVzdGluIHJlbnQgcHJpY2Vz,/@uptin,Uptin,Silicon Valley Moved to Austin. Then Regretted It.,1.8M,7 months,Austin saw the biggest price drop in homes in the United States. So what's happening to the city that was luring Silicon Valley?,2026-02-03 04:16:36.078971
/watch?v=NfKSj8Y4gZY&pp=ygUSYXVzdGluIHJlbnQgcHJpY2Vz,/@AustinApartmentLiving,Austin Apartment Living,Here‚Äôs What‚Äôs Impacting Your Monthly Rent Price!,306,11 months,"Austin area recommendations in 3 mins: https://bit.ly/austin-areas With apartment rent prices changing daily, pricing will be¬†...",2026-02-03 04:16:36.080542
/shorts/vO_16EBIMMw,/@financiallyclips,Financially Clips,Is $1300 Rent Even Possible In Austin?,10K,4 months,"This clip delves into the reality of living in austin texas, specifically focusing on rent cost and the challenges of austin affordability.",2026-02-03 04:16:36.083214
/shorts/n2czmf-X2rk,/@JordanSuber-real-estate,Jordan Suber | Real Estate Investing,Why Renting Might Be Costing You More Than You Think In Austin Texas!,727,10 months,Every rent payment you make is building someone else's equity. Let that sink in! If you're curious about how buying a home could¬†...,2026-02-03 04:16:36.085366
/watch?v=SJxwqzZ2KDc&pp=ygUSYXVzdGluIHJlbnQgcHJpY2Vz,/@AustinApartmentLiving,Austin Apartment Living,"The 3 Things You Should Know About Average Rent Prices for Apartments in Austin, TX!",152,1 year,"Austin area recommendations in 3 mins: https://bit.ly/austin-areas With apartment rent prices changing daily, pricing will be¬†...",2026-02-03 04:16:36.086937
/watch?v=1pQQ9Ux15Eg&pp=ygUSYXVzdGluIHJlbnQgcHJpY2Vz0gcJCZEKAYcqIYzv,/@FOX7Austin,FOX 7 Austin,Austin apartment rent prices have come down | FOX 7 Austin,3.3K,1 year,"Apartment prices have actually come down significantly in the last year, and there are plenty of bargains to be had. 7 On Your¬†...",2026-02-03 04:16:36.088417
/watch?v=O-2Axg5D1_8&pp=ygUSYXVzdGluIHJlbnQgcHJpY2Vz,/@AustinApartmentLiving,Austin Apartment Living,"4 Things to Know About Apartment Rent Pricing in Austin, TX!",641,1 year,"Austin area recommendations in 3 mins: https://bit.ly/austin-areas With apartment rent prices changing daily, pricing will be¬†...",2026-02-03 04:16:36.089933
/watch?v=NxEHFzX_rd0&pp=ygUSYXVzdGluIHJlbnQgcHJpY2Vz,/@kxan_news,KXAN,What are Austin‚Äôs cheapest neighborhoods for renters?,820,10 months,After Real estate experts reported in December Austin had the largest rent decrease between 2023 and 2024 of the country's¬†...,2026-02-03 04:16:36.091447
/watch?v=BGQXisPouME&pp=ygUSYXVzdGluIHJlbnQgcHJpY2Vz,/@AustinApartmentLiving,Austin Apartment Living,Apartment Rent Market Update | Austin TX | June 2025,398,7 months,"Austin area recommendations in 3 mins: https://bit.ly/austin-areas With apartment rent prices changing daily, pricing will be¬†...",2026-02-03 04:16:36.092864
/shorts/XTQGtKHs9js,/@ApartmentAceGroup,Apartment Ace Group | Your TX Relocation Experts ,"üè° Affordable Luxury Apartments in Austin, TX! üí∞‚ú® follow @apartmentacegroup",28K,1 year,"Free Texas Apartment Matching Service https://apartmentace.rent Austin, TX Starting at $1676 The Apartment Ace Group will save¬†...",2026-02-03 04:16:36.094439
/watch?v=8efioXP10ks&pp=ygUSYXVzdGluIHJlbnQgcHJpY2Vz,/@ReventureConsulting,Reventure Consulting,"Why investors are fleeing Austin, TX (rental market downturn)",117K,8 months,"Rental rates are now dropping across the U.S. according to new data from Redfin, with the biggest decline occurring in Austin, TX,¬†...",2026-02-03 04:16:36.095897
/shorts/79_FXqfhXUU,/@CalebHammer,Caleb Hammer,Why Rent In Austin Texas is CHEAP,1.2M,10 months,Download my budgeting app today: https://calebhammer.com/app - don't overcomplicate this crap! All you need is an automated¬†...,2026-02-03 04:16:42.980408
/shorts/9l7H8_hoeno,/@Homebydom,Dominique Anderson | Home by Dom,Rent Prices in Austin Texas,1.9K,3 years,The median rent price for a one bedroom Austin is about $1450. And the median two bedroom is $1770. 10 years ago you could¬†...,2026-02-03 04:16:42.982002
/shorts/U-Jd2wh6Diw,/@KVUETV,KVUE,Lower rent prices are impacting the Austin housing market,1.1K,4 days,"Austin rent prices are falling, and experts expect home prices will stabilize in 2026.",2026-02-03 04:16:42.983878
/watch?v=d6-V1L4XLAo&pp=ygUSYXVzdGluIHJlbnQgcHJpY2Vz,/@seantippsaustin,Sean Tipps | Austin Realtor,"Moving to Austin, Texas in 2026? Real Cost of Living EXPLAINED üí∞",619,8 months,"Moving to Austin, Texas? Get the ULTIMATE Austin relocation guide! https://realtytipps.com/austin-relocation-guide Moving to¬†...",2026-02-03 04:16:42.991145
/shorts/0VXhvzYwQQU,/@LaurenHayter,Lauren Hayter ,"1 bedroom unit UNDER $900 in Austin, Texas!?!?",12K,1 year,DM me on IG for information! IG: laurenhayter.,2026-02-03 04:16:42.992632
/shorts/_xkAi-VMs0A,/@atxaptguide,ATX Apartment Guide,Living in Austin on a Budget: Studio Apartment Tour,876,8 months,"Moving to Austin? Check out this affordable studio apartment! In this video, we tour a modern studio apartment in the heart of¬†...",2026-02-03 04:16:42.994627
/watch?v=1de-pOiE54k&pp=ygUSYXVzdGluIHJlbnQgcHJpY2Vz,/@AustinApartmentLiving,Austin Apartment Living,Austin Apartment Rent Averages by Neighborhood Update!,166,9 months,"Austin area recommendations in 3 mins: https://bit.ly/austin-areas With apartment rent prices changing daily, pricing will be¬†...",2026-02-03 04:16:42.995964
/watch?v=tWqKz-nkzro&pp=ygUSYXVzdGluIHJlbnQgcHJpY2Vz,/@AustinTX,Living in Austin Texas,Rent vs Buy in Austin 2025: Real Cost Comparison of 3 Homes in Same School Zone!,873,8 months,Rent vs Buy in Austin 2025 #texasrealestate #austinliving #propertyinvestment Should you rent or buy a home in Austin in 2025?,2026-02-03 04:16:42.999301
/watch?v=ZdBjBE486kQ&pp=ygUSYXVzdGluIHJlbnQgcHJpY2Vz,/@eduardoduranatx,"Moving to Austin, Texas - Eduardo Duran","BEST LOCATED Luxury High Rise Apartment in Downtown Austin, Texas! Hanover Republic Square",9.6K,6 months,"Join us for a tour of Hanover Republic Square, where we explore the epitome of luxury living in Austin, Texas. This luxury¬†...",2026-02-03 04:16:43.001211
/watch?v=ZliAoDJJmHE&pp=ygUSYXVzdGluIHJlbnQgcHJpY2Vz,/@CurlieCrys,Crystal Nicole,"LUXURY APARTMENT HUNTING IN AUSTIN, TX! (with prices $$$)",23K,4 years,"We are moving!! Come apartment hunting with me in Austin, TX in hopes to find the perfect spot (prices included)!! Our top MUST¬†...",2026-02-03 04:16:43.003234
/watch?v=ORM5DzUW-54&pp=ygUSYXVzdGluIHJlbnQgcHJpY2Vz,/@Itsmorgansaron,Morgan Saron,"Modern Luxury Apartment Hunting in Austin, Texas on a Budget | Under $2,000 | Moving to Austin Vlog",1.9K,1 year,"This video shows me touring 4 modern luxury apartment complexes in North Austin, Texas with details on pricing, square footage,¬†...",2026-02-03 04:16:43.004592
/watch?v=DzrFfYTaXU4&pp=ygUSYXVzdGluIHJlbnQgcHJpY2Vz,/@JustAli,JustAli,APARTMENT HUNTING IN AUSTIN *basically the new LA*,50K,5 years,Today me and my boyfriend Danny toured apartments in Austin. It's our first time moving in together + I also included rent prices +¬†...,2026-02-03 04:16:43.007306
/watch?v=LkrxGR5IT5A&pp=ygUSYXVzdGluIHJlbnQgcHJpY2Vz,/@kxan_news,KXAN,The Future of Renting in Austin,16K,1 year,If you're looking for a new place to live -- Right now may be a good time to find a deal on an apartment. Our Will DuPree sat down¬†...,2026-02-03 04:16:43.009185
/watch?v=1h67U7cpIlg&pp=ygUSYXVzdGluIHJlbnQgcHJpY2Vz,/@AustinApartmentLiving,Austin Apartment Living,List of Apartment Fees When Renting in Austin TX | 2025,276,7 months,"Austin area recommendations in 3 mins: https://bit.ly/austin-areas With apartment rent prices changing daily, pricing will be¬†...",2026-02-03 04:16:43.010758
/watch?v=GQiHTpVziHQ&pp=ygUSYXVzdGluIHJlbnQgcHJpY2Vz,/@kxan_news,KXAN,What's the average price for a 2-bedroom apartment in Austin?,2.4K,4 years,"As more and more people call the Capital City their home, rent prices are skyrocketing. It's happening in Central Texas and across¬†...",2026-02-03 04:16:43.013471
/shorts/IcU9Wr5Bzjc,/@apartmentsbyalexa,Alexa Ronci | Austin Broker ,New North Austin Apartment!,9.3K,1 year,"Looking for the perfect blend of luxury and convenience in North Austin? This complex offer stunning, modern living spaces with¬†...",2026-02-03 04:16:43.014916
/watch?v=VcVsobBCmzY&pp=ygUSYXVzdGluIHJlbnQgcHJpY2Vz,/@extraspacestorage,Extra Space Storage,Renting In Austin? Here's What You NEED To Know,422,2 years,"Learn more about each neighborhood's rent prices, amenities, and safety ratings on the Extra Space Storage blog:¬†...",2026-02-03 04:16:43.016955
/watch?v=cy350wNCWqg&pp=ygUSYXVzdGluIHJlbnQgcHJpY2Vz,/@KVUETV,KVUE,Austin ranked as the second-most expensive for rent in the metro area,1.6K,11 months,"A city south of Austin is seeing higher rent prices than the Capital City, according to a new study from the rental website Zumper.",2026-02-03 04:16:51.951093
/watch?v=lTWKljLtNBk&pp=ygUSYXVzdGluIHJlbnQgcHJpY2Vz,/@KVUETV,KVUE,"Rent prices are falling in Austin, according to new report",7.1K,2 years,A recent report for apartment investors shows that the rental housing market is not currently stable. Read more:¬†...,2026-02-03 04:16:51.952935
/watch?v=u7Zlom_qvaQ&pp=ygUSYXVzdGluIHJlbnQgcHJpY2Vz,/@Itsmorgansaron,Morgan Saron,"Luxury Apartment Hunting | Tour, pricing, amenities + more | Austin, Texas | $2,000 Budget",11K,2 years,"Hey everyone! This is a video featuring 4 apartments from 3 different apartment buildings in North Austin, Texas with a budget of¬†...",2026-02-03 04:16:51.955057
/watch?v=TLOg5qei7b8&pp=ygUSYXVzdGluIHJlbnQgcHJpY2Vz,/@seffyy1,Seffyy,WHAT $1000 CAN GET YOU IN AUSTIN TEXAS | AUSTIN APARTMENT TOUR,10K,3 years,"Hope this apartment tour can give you a better understanding of what to expect in Austin, TX. Hope you enjoy and dont forget to¬†...",2026-02-03 04:16:51.956549
/watch?v=pot_fNYz2O4&pp=ygUSYXVzdGluIHJlbnQgcHJpY2Vz0gcJCZEKAYcqIYzv,/@AustinApartmentLiving,Austin Apartment Living,10 Steps to Renting Apartments in Austin TX | 2025,372,11 months,"Austin area recommendations in 3 mins: https://bit.ly/austin-areas With apartment rent prices changing daily, pricing will be¬†...",2026-02-03 04:16:51.958010
/shorts/jSyNCJ4IFbc,/@MilatMarketReport,Milat Market Report ,Austin Rents Drop 16%‚ÄîBiggest Decline in Major U.S. Metros! #Austin #Texas #RealEstateNews,144,11 months,"According to Redfin, Austin's median asking rent fell 16% year over year in January, marking the largest drop among major U.S.¬†...",2026-02-03 04:16:51.960188
/watch?v=iCKPZ1R775Q&pp=ygUSYXVzdGluIHJlbnQgcHJpY2Vz,/@FOX7Austin,FOX 7 Austin,Rent prices in Austin experiencing year-over-year increases | FOX 7 Austin,2.5K,3 years,Managing editor with Rent.com Brian Carberry says Austin is an overlap city having experienced year over year price increases in¬†...,2026-02-03 04:16:51.962363
/shorts/1nrQRgOajbc,/@ApartmentAceGroup,Apartment Ace Group | Your TX Relocation Experts ,"üè° Affordable Luxury Apartments in Austin, TX! üí∞‚ú® follow @apartmentacegroup",3.2K,1 year,"Free Texas Apartment Matching Service https://apartmentace.rent Austin, TX 1 Bedroom with Yard Units starting at $999 The¬†...",2026-02-03 04:16:51.963901
/watch?v=ni28V5LA_qA&pp=ygUSYXVzdGluIHJlbnQgcHJpY2Vz,/@marcduncann,Marc Duncan,"INSIDE a Luxury High-Rise Apartment in Downtown Austin, Texas (PRICE | TOUR | CITY VIEWS)",16K,1 year,"Join me for an exclusive tour of AMLI on 2nd in Downtown Austin. This beautiful Apartment features stainless steel appliances,¬†...",2026-02-03 04:16:51.966053
/watch?v=BHckz5q2CXY&pp=ygUSYXVzdGluIHJlbnQgcHJpY2Vz,/@KVUETV,KVUE,The 'Airbnb Effect' could be one reason behind Austin's skyrocketing rent prices | KVUE,2.6K,3 years,"Rent price across Central Texas have skyrocketed. There are a number of contributing factors, but some believe the ""Airbnb effect""¬†...",2026-02-03 04:16:51.967513
/watch?v=-zLoOI2xofc&pp=ygUSYXVzdGluIHJlbnQgcHJpY2Vz,/@KVUETV,KVUE,Study: Austin rent prices down year-over-year | KVUE,4.7K,2 years,"Austin rent prices are finally seeing a trend down. According to a new study by Apartment List, the rent market growth is falling.",2026-02-03 04:16:51.968944
/shorts/PHvnLDDjCw8,/@Worldofexplosivefacts,World of Explosive Facts,21. What is the average rent for an apartment in Austin?,33,2 years,"Navigate the bustling rental market of Austin with our latest YouTube short, where we delve into the current landscape of¬†...",2026-02-03 04:16:51.970435
/watch?v=kW5s3bSFa7A&pp=ygUSYXVzdGluIHJlbnQgcHJpY2Vz,/@KVUETV,KVUE,"Apartment rent is decreasing in Austin, new data shows",343,7 months,"New data shows apartment rents are trending down in Austin, and surrounding cities are seeing an even more significant¬†...",2026-02-03 04:16:51.971918
/watch?v=YoEPkM1ST7I&pp=ygUSYXVzdGluIHJlbnQgcHJpY2Vz,/@FOX7Austin,FOX 7 Austin,"Austin rent price increasing, City looks to affordable housing",709,5 years,Rent prices in Austin are increasing. The City of Austin is looking for ways to increase affordable housing. FULL STORY:¬†...,2026-02-03 04:16:51.973817
/watch?v=hxAAJxR03u8&pp=ygUSYXVzdGluIHJlbnQgcHJpY2Vz,/@KVUETV,KVUE,Home prices pushing more buyers to rentals | KVUE,2.2K,4 years,"Across the country, people looking to buy a home aren't having much luck. And it turns out renting isn't much easier unless you're¬†...",2026-02-03 04:16:51.975241
/watch?v=AjDOznAtw2s&pp=ygUSYXVzdGluIHJlbnQgcHJpY2Vz0gcJCZEKAYcqIYzv,/@KVUETV,KVUE,Rent continues to increase in the Austin area | KVUE,3.2K,3 years,"Housing continues to get more expensive, that includes the renter population. RELATED:¬†...",2026-02-03 04:16:51.977158
/watch?v=t-vJxB90E7s&pp=ygUSYXVzdGluIHJlbnQgcHJpY2Vz,/@KVUETV,KVUE,Austin residents continue getting priced out of their apartments | KVUE,104K,3 years,"According to rental agency Zumper, rent for a one-bedroom apartment has increased in Austin by 34% since last year. STORY:¬†...",2026-02-03 04:16:51.979152
/shorts/U98Y8jiph18,/@thenelsonproject,Julie Nelson,Cost of Living in Austin: Apartment Rental,375,2 years,curious how much it cost to rent an apartment in Austin Tx? ----------------------------- You're in the right place if you are a Realtor (or¬†...,2026-02-03 04:16:51.980988
/watch?v=INTDI-f62zU&pp=ygUSYXVzdGluIHJlbnQgcHJpY2Vz,/@kxan_news,KXAN,"As Americans are burdened by rent prices, Austin doesn't trail too far behind",697,2 years,"Among the most populous cities in the U.S., Austin saw the largest increase in rent prices from Nov. 2021 to Nov. 2022, according¬†...",2026-02-03 04:16:51.983032
/watch?v=LCgFZzNLp3k&pp=ygUSYXVzdGluIHJlbnQgcHJpY2Vz0gcJCZEKAYcqIYzv,/@KVUETV,KVUE,"Many Austinites spend more than 30% of their income on rent or a mortgage, study shows",429,2 years,"A new study by ApartmentList.com shows that many Austinites are considered ""cost-burdened,"" meaning they spend more than¬†...",2026-02-03 04:16:51.985048
/shorts/q5d7JWGXGpE,/@AustinApartmentLiving,Austin Apartment Living,Austin Rent Prices: May 2025 Data per Neighborhoods...,211,7 months,"We review Austin's May 2025 apartment rent data across different neighborhoods. Discover average rental costs, comparing¬†...",2026-02-03 04:17:00.783722
/shorts/opo3NLaIsnU,/@Fmsmith319,Freddie Smith,Should Millennials and Gen Z RENT or BUY In Today‚Äôs Housing Market?,1.2M,1 year,Should you be renting or buying in today's housing market well let's pull this out 30 years and see what path is right for you so¬†...,2026-02-03 04:17:00.786834
/watch?v=iuPBkjueJqE&pp=ygUSYXVzdGluIHJlbnQgcHJpY2Vz,/@KVUETV,KVUE,Demand causing Austin metro rents to soar | KVUE,973,3 years,The Statesman reported that this high demand drove monthly rates up by an average of 15% ‚Äì or about $200 per month ‚Äì in 2021¬†...,2026-02-03 04:17:00.788318
/watch?v=JIkd6V4I8ro&pp=ygUSYXVzdGluIHJlbnQgcHJpY2Vz,/@kxan_news,KXAN,Which Austin neighborhood has had the largest rent increase?,509,3 years,The report found south Austin's Travis Heights neighborhood took the crown for the largest annual spike in one-bedroom rent¬†...,2026-02-03 04:17:00.790215
/watch?v=IOYzPSjsq9A&pp=ygUSYXVzdGluIHJlbnQgcHJpY2Vz,/@KVUETV,KVUE,How Austin's cost of living plays into federal aid | KVUE,472,3 years,"Since the start of the pandemic, Austin rent prices are up close to 25%. The government usually depends on the Census Bureau¬†...",2026-02-03 04:17:00.792059
/watch?v=MalGui5JQOU&pp=ygUSYXVzdGluIHJlbnQgcHJpY2Vz,/@FOX7Austin,FOX 7 Austin,Ways to help lower soaring rent prices | FOX 7 Austin,168,2 years,A new study finds people living in some of the country's fastest growing cities need to make at least $85000 a year to afford rent.,2026-02-03 04:17:00.793964
/shorts/cvu2A3mAIbY,/@helloaustintexas,Hello Austin,Austin Home | Cost of Living in Austin: Apartment Rental,162,2 years,"curious how much it cost to rent an apartment in Austin Tx? Austin area real estate info, advice, & strategy from industry leader,¬†...",2026-02-03 04:17:00.795649
/watch?v=N0tO4IQeybY&pp=ygUSYXVzdGluIHJlbnQgcHJpY2Vz,/@KVUETV,KVUE,New report details Austin's rising rent prices by district | KVUE,6.5K,2 years,The new report from HousingWorks Austin shows that the average rent in Austin in 2022 was over $1700 per month. STORY:¬†...,2026-02-03 04:17:00.797191
/watch?v=GKR9lp1SL_E&pp=ygUSYXVzdGluIHJlbnQgcHJpY2Vz,/@QueenCityNews,Queen City News,Charlotte could imitate Austin when it comes to rental prices,614,1 year,"Austin, Texas, has seen one of the sharpest drops in the country. Thanks for stopping by Queen City News' YouTube channel!",2026-02-03 04:17:00.798638
/watch?v=X5U0EedLHRY&pp=ygUSYXVzdGluIHJlbnQgcHJpY2Vz,/@kxan_news,KXAN,'It's ridiculous': College student-led commission takes on rising Austin housing costs,1.1K,4 years,"As Austin's city council prepares to talk housing affordability at a meeting Tuesday, a special commission is working to make sure¬†...",2026-02-03 04:17:00.800031
/watch?v=zKe62kQ7-y0&pp=ygUSYXVzdGluIHJlbnQgcHJpY2Vz0gcJCZEKAYcqIYzv,/@kens5,KENS 5: Your San Antonio News Source,University of Texas students dealing with some of the highest rent prices in Austin,905,2 years,"Many of their apartments are going for more than $2000 a month, sparking frustration and new efforts to save.",2026-02-03 04:17:00.801447
/watch?v=fEP5th0Lr28&pp=ygUSYXVzdGluIHJlbnQgcHJpY2Vz,/@KVUETV,KVUE,Austinites renting their apartments on Airbnb to help with living costs | KVUE,9.1K,2 years,Airbnb has a way for apartment renters to earn a little extra money to help with the cost of rent. It comes as rent prices continue to¬†...,2026-02-03 04:17:00.804636
/shorts/yJaX38j_iS0,/@EliteLuxuryClass,EliteLuxuryClass,"Escape the High Cost of Living: Affordable Homes in Austin, Texas",26,1 year,Discussing the personal experiences of moving from California to Austin. #california #texas #taxes #money #freedom #flexibility¬†...,2026-02-03 04:17:00.806132
/shorts/y6T5uM4IV4E,/@NatashaIbrahim,Natasha Ibrahim,"What it's REALLY like living in Austin, TexasüòÆ",193K,2 years,austin #texas #austintexas #digitalnomad.,2026-02-03 04:17:00.807523
/watch?v=ehDK0w8AVGo&pp=ygUSYXVzdGluIHJlbnQgcHJpY2Vz,/@extraspacestorage,Extra Space Storage,Best Places to Rent a Home in Austin,534,4 years,"Thinking of renting a home in Austin? Not only is it one of the best big cities to live in the U.S., but it's also one of the best places to¬†...",2026-02-03 04:17:00.809515
/watch?v=FjGHUkIiAHQ&pp=ygUSYXVzdGluIHJlbnQgcHJpY2Vz,/@kxan_news,KXAN,Report: Austin rent prices slowly decreasing,222,2 years,"According to a new report from Zumper, the average for one bedroom has gone down from the last three months. Stay informed¬†...",2026-02-03 04:17:00.810741
/watch?v=M5yZhKkp73Q&pp=ygUSYXVzdGluIHJlbnQgcHJpY2Vz,/@FOX7Austin,FOX 7 Austin,Austin 2nd in nation when it comes to rising rents | FOX 7 Austin,840,3 years,Real estate company Redfin says rent prices in Austin have gone up by 35% year over year on average. READ MORE:¬†...,2026-02-03 04:17:00.812670
